subject,wm_snr_orig,gm_snr_orig,wm_snr_norm,gm_snr_norm,cc_size,holes_lh,holes_rh,defects_lh,defects_rh,topo_lh,topo_rh,con_snr_lh,con_snr_rh,rot_tal_x,rot_tal_y,rot_tal_z,n_outlier_norms,n_outlier_sample_nonpar,n_outlier_sample_param,QC_metric
SUBJ_00240,13.464678405616867,8.330282679638044,25.004972479710432,12.318203794145091,0.0022005952558059,39,18,34,14,2.2,3.1,3.4402466,3.3683577,0.0125453138661876,-0.0428554671930832,-0.0293812272158144,4.0,1,3,1.61283154340482
SUBJ_00241,11.324153795378365,7.774958340301671,23.87981180688977,13.16323894754402,0.002604638092002,37,24,30,22,2.3,6.4,3.37741,3.3797011,-0.0955176684466228,-0.039953899341083,-0.0054639379279626,5.0,2,4,2.290913226687441
SUBJ_00242,11.611824018278368,7.747518158853295,25.08970817424549,11.525676887812056,0.0024698124557561,43,34,27,23,3.1,3.6,3.390626,3.4549634,-0.1460872863968458,-0.0122978221955438,-0.0737915129980196,6.0,1,5,2.3274897513162154
SUBJ_00246,14.154549951122677,8.890136675606799,25.45485168397875,12.728226193310345,0.0026358948808045,38,54,43,31,2.6,3.0,3.1778376,3.2115602,-0.0022935493133511,-0.0473374246465245,-0.0226597732196921,4.0,1,1,4.543704767859375
SUBJ_00247,10.473099414472076,7.117683718831075,22.78456973090876,12.542559607223737,0.0026904781950395,61,41,35,41,2.5,8.1,3.1941617,3.133954,-0.1553134304038363,-0.0601374831248309,-0.0061874877708815,5.0,1,4,5.216507552478043
SUBJ_00248,12.10069892505046,8.103690122349324,24.2496376261832,12.972108131678484,0.0032188703175462,35,19,25,24,1.6,2.5,3.2811005,3.2925227,-0.140784513648713,-0.1072110327213682,-0.0108997048375893,2.0,0,1,1.4392169135971482
SUBJ_00251,12.518114931232704,8.355996774831857,23.044410886832225,13.098956220050455,0.0026499704582903,56,47,51,38,2.9,10.2,3.0943696,3.10415,-0.1323035086760873,0.0026259889050201,-0.0295839939636018,5.0,0,5,6.274536704937784
SUBJ_00253,11.40853590076171,7.637385439695174,25.55886022862366,12.883078184567577,0.0027188713152215,32,41,30,33,2.8,2.8,3.43397,3.350134,-0.0715349772631421,-0.0091926228777197,-0.0054643861067956,2.0,0,0,2.8204173636888115
SUBJ_00255,11.224319375687848,7.659407910044259,23.541898481092133,11.854189200150708,0.0025846138208134,37,42,33,28,1.9,2.2,3.4485679,3.385423,-0.1386909429013486,0.0865043546542022,0.1251685325179476,4.0,1,5,2.400374566483917
SUBJ_00256,11.132903709363656,7.193553777507538,23.35933659056021,12.22157623357575,0.0025279402544746,33,49,27,38,1.3,2.1,3.3153045,3.3076835,-0.0415303742330841,-0.0221283306494203,0.0120461439504292,2.0,0,1,3.0936610371277378
SUBJ_00258,12.97711056291024,8.249285944437023,25.01687566606783,13.339301614355332,0.0026904882120516,40,26,20,34,2.0,9.8,3.328675,3.3665948,-0.0996796337623643,0.0120389737807978,-0.0378178180185746,4.0,0,1,2.398354890789556
SUBJ_00260,11.841234457795167,8.169594150506448,24.51745692964841,12.641676563201075,0.0022432744765235,36,27,26,30,2.3,2.3,3.3333826,3.3631067,-0.0671014535356981,0.0252713320371505,-0.01394087585044,5.0,1,1,2.330557755948728
SUBJ_00262,13.906317093772298,8.664326251278936,23.959266243126184,11.546797895543367,0.002514073545792,29,38,22,24,1.8,2.8,3.3260221,3.3277807,-0.0413038254246154,0.0366464629663951,-0.0607582095134729,5.0,2,8,1.8425665694013431
SUBJ_00266,13.181157851423508,8.26017513791875,24.38088676220088,13.36444369900313,0.0022848744555714,35,37,30,26,2.4,2.5,3.1666577,3.1920586,-0.0136093690827214,-0.0210811857398813,0.0499602383079536,4.0,1,8,3.189098541530348
SUBJ_00269,12.157523198224084,8.192677237156646,26.26585550276758,12.580288280414305,0.0029674433867396,43,38,27,21,3.2,4.3,3.399463,3.3213093,-0.0769548277204817,-0.0594400795749456,0.0565925296896158,4.0,0,0,2.5850995182010337
SUBJ_00272,12.64951195969665,7.9763409370937985,25.990078401542064,11.785638262545548,0.0026729117177034,22,24,16,21,0.9,1.5,3.5025249,3.457857,-0.0697165501945196,0.0851039268762079,-0.0602780133125799,4.0,2,6,-0.2212999087108517
SUBJ_00280,14.502337057561387,8.31409980031463,26.731306554536,11.75292776398575,0.0024436236216255,30,44,31,32,2.5,2.6,3.4768243,3.4255238,0.0389060471567014,-0.0514248365577147,-0.0160260434125113,2.0,0,0,2.415132867229601
SUBJ_00281,12.968412490940375,7.933760441395695,27.5042617243503,12.7939711799007,0.0024636216820023,28,19,18,19,1.5,1.7,3.3233664,3.297032,-0.0939516364257153,0.0605816189234979,-0.025879074801174,1.0,2,4,0.282412522034001
SUBJ_00282,12.321361823687186,8.408844534712028,27.68619074811044,12.746660049477176,0.0028961270003552,38,30,25,22,1.9,3.3,3.5025187,3.5216336,-0.077985168552147,-0.0057461083820681,-0.0418914908433554,4.0,0,0,1.335980586694057
SUBJ_00284,12.089557821806572,7.64248644624976,26.316804859461367,12.387292327058676,0.0026740182349075,39,28,18,29,2.8,4.8,3.4082386,3.4065113,-0.0025931599425962,0.0108979952395664,-0.0202758452732156,0.0,0,0,1.877812566388177
SUBJ_00285,10.64076026715574,7.947042487070761,22.145434257803743,11.69025802933536,0.002416408973418,33,44,26,30,2.2,2.7,3.3506715,3.2995725,-0.2879107427632078,-0.1031701919060733,0.0376368182848999,3.0,0,0,2.457173351718711
SUBJ_00287,12.452246609777172,7.755734555923628,22.116711196328826,12.85558738337304,0.0026762684626372,43,35,30,22,1.9,4.3,2.922209,2.9053774,0.0391543520355986,0.0760484808696,0.0172907067796579,5.0,4,26,4.1242418104097975
SUBJ_00288,12.644137723869862,7.902995163275525,25.9692864933273,12.261841907816134,0.0030256976044975,50,39,43,48,2.4,2.7,3.1486964,3.1413598,-0.0591851498822407,-0.0116939169980834,-0.0318646779759071,2.0,1,7,5.06878850293408
SUBJ_00289,9.805264283856,6.493053806600097,25.62669951037692,12.146866393794848,0.0034133270904282,27,24,27,23,1.4,1.7,3.3774064,3.4115508,-0.0809544029499703,-0.0633408156001407,0.0170398175701872,2.0,0,0,0.8985797529264105
SUBJ_00290,11.768186013851263,7.898468857901072,23.2814381699916,13.325603154192692,0.0025513368874729,27,35,16,26,5.1,5.9,3.2748258,3.2430587,-0.1043401737105984,0.0100726549874812,0.0826657053947934,5.0,3,15,2.9412664108076627
SUBJ_00295,8.745881393938186,6.15599138078395,24.056583416881505,11.023087607464156,0.0024355477907146,27,24,24,21,1.2,2.0,3.3421645,3.284746,-0.4350980347060333,-0.0241212809062633,-0.0077788327792766,4.0,0,0,0.1355273363004547
SUBJ_00297,11.6333361161071,7.978566088190368,24.03840998577039,12.782587299740586,0.0028970428278304,44,33,34,29,2.1,6.4,3.2481167,3.1987247,-0.1418723822939017,-0.0010340529234441,0.031067996320138,4.0,0,1,3.3158498627512385
SUBJ_00301,12.630515031210525,7.789337574326715,26.11845693753334,12.577655174686706,0.0027319510679306,32,21,20,27,3.0,3.3,3.3792238,3.3969371,-0.0917517121311591,0.0448697651953792,-0.061062693669429,1.0,2,6,1.3351799622534015
SUBJ_00308,12.279062154428274,8.043126794233801,23.62952493680072,13.170870779802458,0.0022741983961011,52,47,41,46,2.3,2.5,3.149064,3.279564,0.0001265029881546,0.006988167085806,-0.0128668751513292,4.0,0,1,5.442461076940062
SUBJ_00310,12.438244939749197,8.398394672188719,24.207932113715447,13.114741453012815,0.0032205741226377,32,31,23,29,2.1,9.3,3.2146406,3.3027852,-0.1038721086359008,-0.1234933442579164,-0.0792585909552658,3.0,0,0,2.5432277799560272
SUBJ_00311,11.7664673832656,7.917137616618359,24.78105462448152,12.016315259634794,0.0029667073181795,26,35,24,20,2.1,3.4,3.4337366,3.3322396,-0.1621483346363596,-0.1103316176911549,-0.0030408855052039,4.0,3,7,1.399986903170244
SUBJ_00312,12.054811753058262,8.087729990541362,23.980805988968648,11.987567756606737,0.0020453738221001,33,52,29,40,2.2,8.2,3.2709973,3.192434,-0.0120397736334125,-0.0199984501495038,0.0365821036857281,6.0,3,7,4.392260443447031
SUBJ_00313,13.605097625996317,8.34562455793284,26.89047949424321,12.894654555176343,0.0031447669738957,33,27,22,31,2.2,2.3,3.424284,3.4638553,0.0591955534735788,-0.0516957351493914,0.0262113957748582,3.0,0,0,1.5896398017441324
SUBJ_00316,14.43788612289154,8.742924795425884,25.748162078305672,12.907918559618745,0.0026067835177415,36,30,37,29,1.2,2.2,3.4156978,3.4462824,0.0826857173550173,0.0003059892971043,0.0426578727657457,8.0,6,10,2.5445476304147805
SUBJ_00321,10.769914372870112,6.918933247394378,25.27137899290378,11.331271292451172,0.0035335821065993,25,21,22,23,1.3,2.6,3.3973594,3.4090161,-0.0237419983751903,0.0327024298528017,-0.0693057575410648,4.0,0,0,0.4777850886867725
SUBJ_00322,11.836768573454336,7.894083836137711,23.117644609084174,12.769615515561435,0.002575777569715,35,33,21,33,2.1,7.4,3.1655679,3.2417526,-0.222395009256858,0.0657855883699726,-0.0494099531887078,3.0,0,4,2.54603723980096
SUBJ_00323,12.470088451150428,7.879323254884037,22.529473897725147,13.619606750235112,0.0027307663249038,36,30,24,33,1.7,2.4,3.0929317,3.0241642,0.0324352383307671,-0.0580910136959314,0.0433968079867811,3.0,0,3,3.199187537706324
SUBJ_00326,9.60817738474876,6.137386280745406,26.259138402366755,11.435608177034377,0.002688990538989,23,26,29,20,1.1,1.8,3.4247694,3.3724651,0.0404273987309539,-0.0844506033345327,0.0047442313229039,2.0,1,2,0.8469580081078277
SUBJ_00331,12.442288438161588,8.478287353687433,25.318952769605254,13.682688086387923,0.0024221865689721,43,30,36,25,1.7,2.8,3.2166352,3.2117512,-0.1193545543550408,-0.0617536887895865,0.0755581167542192,4.0,0,3,2.9832197623052745
SUBJ_00333,13.404300850374025,8.724350112890686,22.476745975106905,12.54602726153212,0.0025886974516144,46,30,36,36,1.8,2.0,3.3187065,3.3345745,-0.1147943886718074,0.0605888267952783,0.024683747470986,4.0,3,5,3.292513851879847
SUBJ_00334,13.934655503773165,9.798905002419325,21.15073982166044,12.337778804236857,0.0029446618000065,51,38,44,45,1.7,3.4,3.0705652,3.129361,-0.0306669591764588,0.1066293905077414,0.063113432269921,1.0,7,15,5.499933917089243
SUBJ_00336,11.364367847309431,7.496567127685465,22.297170958346733,12.933626529936324,0.0024974478686386,44,35,31,28,3.4,3.6,3.1420138,3.1991959,-0.1405581241368029,-0.0395831604904633,0.0182464856680691,5.0,1,4,3.759865181368205
SUBJ_00337,12.749931499049078,7.901689488992496,24.280046424588523,13.129338585209776,0.0028834692572055,25,32,28,21,1.5,2.1,3.6644769,3.499422,-0.0290868569926619,-0.0617724302790669,0.0468151476215539,2.0,0,2,0.8698679077502673
SUBJ_00338,13.216690911161,8.17422928083357,27.66473154556476,12.04414206215609,0.0026186054217264,30,37,28,24,1.7,1.9,3.3379855,3.3771052,0.1006276602737558,-0.1347844925458028,-0.0236459816072063,1.0,0,8,1.9096755495406896
SUBJ_00339,13.517223170960628,8.433267132170506,26.092219626851044,11.95360653181046,0.0029584592924007,31,35,26,25,3.3,10.6,3.4966588,3.589556,-0.0327784645321606,-0.0220709737877755,0.0073793054528023,4.0,3,3,2.179337504403721
SUBJ_00340,10.739578933264296,7.302224340428301,24.5349686046402,12.770853179686076,0.0025081964150577,20,23,20,15,2.2,3.7,3.2591867,3.2318895,-0.257073960950175,-0.0764335360849596,-0.0141803714076705,1.0,3,4,0.5828394791938283
SUBJ_00345,10.931198866114054,7.317993632128067,27.05807203466426,12.888301364320418,0.0028306587305904,30,37,26,26,1.4,3.9,3.4526415,3.4862733,-0.0647581244003362,-0.1305446147078834,-0.0010838878585446,4.0,0,0,1.5957378007126797
SUBJ_00347,14.611233810754856,8.847214520836534,25.48259447715392,12.399057957007187,0.0033801824291202,11,32,14,17,1.2,1.7,3.534044,3.4806328,0.04688838990078,-0.0198450429549505,-0.0104908512659105,6.0,0,4,-0.3312841683806591
SUBJ_00349,12.17401555531686,7.6256640848630175,25.34855635324088,11.843101956806132,0.0028043842875106,37,39,25,29,2.5,2.4,3.3932123,3.3966076,-0.0558140766306912,-0.0043546782289225,-0.0020424400140423,5.0,1,3,2.360592601660576
SUBJ_00351,13.46253710541623,8.437521846511787,23.75255733373564,13.570501567493638,0.0027967536515748,51,37,37,40,2.3,2.8,3.3600605,3.2894819,0.0429684357904684,-0.0323665793052311,0.0117995095770745,1.0,0,1,4.244270839808502
SUBJ_00353,11.646582063723804,7.483472623354484,23.36710805392223,11.890827075933457,0.0028160812895033,45,49,28,29,2.0,2.3,3.3691232,3.256073,-0.037460876627025,0.0082280491209607,-0.0698764351984993,1.0,0,2,3.218089741572092
SUBJ_00358,14.473628820053392,9.162397388288506,23.91476977337537,13.398188755079095,0.0032959361417623,56,33,46,34,2.7,2.9,3.230151,3.3404899,0.0665902040302765,0.0131107893863999,-0.1288051240564131,1.0,0,5,4.60282157861855
SUBJ_00360,11.278676065726431,7.30311386216394,26.23786012818985,12.01510655877809,0.0031682255125258,21,33,20,16,1.1,7.7,3.264513,3.3033247,0.0381908383577075,-0.0263585727991347,0.0471519649358895,5.0,0,2,1.024579986766686
SUBJ_00362,10.361937805382256,6.934979604996398,24.05833547993109,12.97924293044579,0.0028736461681775,45,47,48,39,1.8,2.8,3.1751575,3.2470946,-0.0969996477551156,-0.0578457889773168,-0.0186103923334977,4.0,0,4,4.877976509060393
SUBJ_00365,10.958301785395022,7.716994760685981,25.156896873897967,12.299341852285778,0.0024926956729442,43,34,28,28,2.5,16.5,3.2221537,3.1445513,-0.3142696922699377,-0.0634897754857828,-0.0686344644211908,5.0,0,3,3.361109469322872
SUBJ_00371,12.910131471277603,7.749055344282922,24.524040758188622,11.88856827806934,0.0029185452685448,40,32,24,43,1.4,1.7,3.369996,3.3633375,0.0325103982709876,0.0314018190970887,-0.0226296181620685,1.0,3,8,2.673034700914388
SUBJ_00372,11.946562717572894,7.948103488308504,22.2049157404958,12.121998360280624,0.0022172943876305,36,37,32,29,1.9,2.2,3.169804,3.0762167,-0.1232952595878495,-0.0705215229590114,0.0450335306654591,8.0,6,12,3.5555407883939965
SUBJ_00374,12.080210994329642,7.721279157835479,25.336854185747164,11.287459302248848,0.0026332789195318,27,39,31,20,2.7,2.9,3.3782427,3.494425,-0.0249321575486148,0.0427137200126956,-0.0349074364265625,5.0,11,20,2.307639811681753
SUBJ_00375,10.671236967327124,7.310688841609557,24.87616916981825,12.186067076559972,0.0026185391026183,34,34,22,25,1.2,2.0,3.424166,3.3737032,-0.1466440951668133,-0.0349666342558388,0.0495046070206812,3.0,0,0,1.2764163425885553
SUBJ_00379,11.8042363234638,8.204794923183501,24.974487828915468,14.039683772298442,0.002935627200469,56,60,48,46,3.1,6.0,3.1149354,3.0658054,-0.0645073498161841,-0.0232441864141469,-0.0109427512801209,6.0,1,4,7.0066028502788615
SUBJ_00380,9.66290046565093,6.807066014465328,23.19151986166069,12.189053213053576,0.0028357278859889,47,38,36,38,3.4,8.3,3.117192,3.1237743,-0.1697191996575504,-0.0569209858449265,-0.0643089622288966,2.0,0,0,4.742655253425561
SUBJ_00381,16.62537890568902,9.398908444727274,28.885282303352948,13.268580821728964,0.002769442263524,40,49,39,27,1.8,2.4,3.3237302,3.1461656,0.1964740883197081,-0.0505905804019386,0.058888064265482,4.0,3,4,3.474079944515333
SUBJ_00383,14.173447075281093,8.623314825217406,21.643582742771702,13.62151293211095,0.0026814499435525,42,42,35,28,2.1,2.4,2.9951928,3.0876794,0.0508376719551131,0.1144235877270651,-0.0647971038509319,1.0,4,9,4.19877904062808
SUBJ_00385,13.05289200037295,8.460446547508665,23.403333548679985,12.579298430089633,0.0027482281423511,52,40,36,38,2.2,2.2,3.1816096,3.0926085,-0.1762662258376204,-0.075317042656765,0.054056928322321,3.0,1,5,4.31113890881754
SUBJ_00386,11.195565355036926,7.47581934900003,26.39201095379044,12.18029006572875,0.0032071157356379,39,30,29,29,2.1,2.9,3.3214977,3.2067804,-0.0638279361288805,0.0509967791534125,0.0677256100170968,4.0,0,2,2.3614606815716828
SUBJ_00388,11.523716230433378,7.335329385346073,24.45000920791119,12.402137789548185,0.0021263918075088,30,41,31,25,2.1,2.3,3.235636,3.1370065,-0.1631051872292564,-0.090585575738129,-0.0152545774270115,3.0,1,4,2.6510902714755087
SUBJ_00390,10.242501054907397,7.159655578127948,24.225521640656275,11.54695829552345,0.0023049048262473,49,56,38,38,2.9,7.9,3.113225,3.0953856,-0.1745296411684899,0.0191712507558812,-0.0006142594783794,4.0,0,2,5.277958791819539
SUBJ_00391,11.091292717540869,7.563816327618642,24.47057459866916,12.830313857571648,0.002655525748784,52,51,46,35,3.0,4.4,3.355666,3.220541,0.0090451823844685,0.0447092228196394,0.0054652633961882,9.0,5,23,5.72644631973192
SUBJ_00392,12.456367464371835,8.415935807085184,25.70826248516326,13.227204351828842,0.0022885092320921,35,33,27,22,3.0,5.1,3.3879538,3.2747598,-0.1190354165186923,-0.0018098236417526,0.0347269427179953,5.0,0,6,2.411211675262595
SUBJ_00393,11.531990696987252,7.343049897027274,23.29285536100774,13.178674121884116,0.0026474391660335,45,48,35,29,1.9,3.9,3.106528,3.0742912,0.055684615592078,0.0164339520841415,-0.0179113863832682,3.0,2,18,4.6505663468378975
SUBJ_00394,9.97967432030872,6.830145717667163,22.428168240773022,12.606132514327772,0.0023481420574436,34,39,34,30,2.0,3.4,3.3827922,3.333785,-0.1981839180929599,0.0764022685652615,-0.0032367699977045,3.0,1,7,2.708787168872016
SUBJ_00401,13.279867954081135,8.373218198765818,23.23285459475409,13.52370742291391,0.0029509977404525,33,33,26,27,3.2,4.6,3.122349,3.1699512,-0.0241941267643764,-0.0382917065012249,-0.0123727227793916,2.0,1,6,3.2609921376161397
SUBJ_00402,12.4234435569525,8.55370566230177,24.05509230741516,13.340603035910526,0.0026151008290739,44,56,46,53,2.9,5.9,3.143736,2.9919312,-0.0198965337162526,0.0933537846432579,-0.0205078880455271,6.0,1,7,6.664840156298501
SUBJ_00406,11.032231051867829,7.267541148486949,23.60433012046388,12.897257580198326,0.0022222365655158,55,38,44,29,2.6,3.8,3.26566,3.0934873,-0.1320947616733371,-0.049733431979435,0.0993500012241738,3.0,0,2,4.4267026576824176
SUBJ_00407,13.566501489639045,9.164011161751953,25.17718146779255,13.02058326152058,0.0027634735521837,25,39,31,26,1.6,2.0,3.272338,3.272257,-0.0922893598148058,0.0013483978607326,0.0361206880106744,5.0,0,2,2.266899614441211
SUBJ_00410,10.65405521856561,7.08382402356871,23.90064422408581,12.019005168737852,0.002203152592517,45,34,23,38,1.3,1.9,3.3198557,3.1712592,-0.203432571030817,-0.0153475350210026,0.1242215528465334,0.0,2,3,2.510292836772928
SUBJ_00411,12.349714346270808,7.633407028573818,25.29087171261488,11.865286301819149,0.0026433210487604,22,17,10,18,1.0,1.3,3.436482,3.458747,-0.0553267698595251,-0.0017152586541773,0.1108269450899573,4.0,0,1,-0.8246140533360788
SUBJ_00412,9.224082515907504,6.280799482853374,23.255301266518053,11.3347560020078,0.0027224774294346,38,47,27,32,2.3,2.6,3.2450953,3.1327856,-0.1082971666295369,0.0396373272135149,0.0652448039495128,0.0,0,4,3.193011621710758
SUBJ_00418,11.3654085405392,8.08612402819552,22.24857865655666,12.869160784796543,0.0030497136325232,40,49,41,30,3.3,12.9,3.1002936,3.0894454,-0.2323451606913328,0.0005010731156451,0.0034057972765905,6.0,3,9,5.189614482967444
SUBJ_00419,11.22553748706243,7.350417964040459,23.900412923987844,12.39830983258746,0.0029059955301916,50,40,33,35,1.7,2.5,3.156951,3.1808457,-0.0796938548353368,-0.0460882109996373,0.0363761016341686,5.0,2,5,3.995409942288547
SUBJ_00422,12.23055383679432,7.977736382014052,23.989565112285565,12.936040601786695,0.0026473834663026,38,49,35,36,1.8,2.1,3.3589368,3.2270799,-0.0120489290324003,-0.1022988297337277,-0.0592494880467975,6.0,1,5,3.960054797863084
SUBJ_00423,12.884364562300512,8.48228981187199,24.059464116952,12.540408578956235,0.0020655462197152,49,35,31,26,2.5,3.0,3.1997004,3.1636412,-0.1322655205270064,0.116975953231154,-0.0401718536288444,4.0,0,1,3.209214938581159
SUBJ_00426,14.54457881196724,8.87141347584284,25.288738099612186,13.186314075116664,0.0025699445304394,33,33,28,31,1.9,1.8,3.3018641,3.2926998,-0.0822799350153432,-0.0479554781189864,-0.0474920971097843,0.0,0,3,2.2900041079052618
SUBJ_00429,10.646182777668216,6.87730365682112,25.426376878995946,11.142510825260045,0.0025191977107562,20,23,18,18,2.1,3.0,3.5871205,3.5059786,-0.0561270088880048,0.0649079738738058,0.0158613679267405,4.0,0,0,-0.2084152498413883
SUBJ_00432,11.717221522205447,7.871137733887185,24.3303226243734,12.6174901611211,0.0027688164775435,51,39,33,31,2.5,3.9,3.1488886,3.1276362,-0.1572807649583628,-0.094072525475163,-0.1122711275497203,3.0,0,3,4.001277994794262
SUBJ_00435,12.934204220107286,8.141784053630454,22.586490159764004,12.82854990503238,0.0025983366114226,53,40,47,40,2.6,9.4,3.1604762,3.1421423,0.0362802680082545,-0.0017605025269126,0.0329262415198633,6.0,5,13,6.025975810067978
SUBJ_00439,10.36169619154813,7.30093521274924,25.15406291188561,11.591654379059666,0.0033290736421519,49,37,27,28,2.8,4.8,3.5447612,3.409711,-0.0839835827599008,0.0416984168078669,0.0256068763338153,5.0,3,10,2.8129556195760665
SUBJ_00442,11.876195595489497,7.920845508965857,22.74797255958162,12.969846532856527,0.0022962480441371,34,40,43,35,1.8,2.7,3.0822015,3.182221,-0.1432759357289877,-0.1179453834156873,0.0281357255816469,2.0,0,0,4.009633856130894
SUBJ_00445,11.049628109095098,7.307551159015798,25.013956075315,12.387156871320514,0.0027588042757883,21,30,22,16,2.7,3.4,3.388145,3.2065697,-0.1261076128781441,0.0058661511776662,0.0077478437061695,4.0,1,3,1.073896544953682
SUBJ_00453,10.811839678163194,7.242338423496184,23.70312009800967,11.87634086651178,0.0024219311891074,43,41,36,40,1.5,1.6,3.096534,3.1778836,-0.0374422998113689,0.0140244018767094,0.0125267238466747,2.0,0,1,4.111779582846184
SUBJ_00454,14.365848565636954,9.454762556749657,24.21117539983413,13.515894997767695,0.0025103959354833,48,51,34,36,1.7,2.4,3.3503654,3.2182715,-0.091972109310277,-0.0251382706765054,0.0281635090760374,2.0,0,1,4.071096686107099
SUBJ_00455,15.666249619200284,8.987828513005041,23.869529535007995,13.194850851135984,0.0027432289823619,42,39,25,36,1.9,4.0,3.3038166,3.1380444,0.1633223598813138,-0.0289952419266299,-0.0717502993139304,5.0,10,22,3.877407867137238
SUBJ_00456,13.520959331395533,8.871955390653998,24.038882132803888,13.087237246977942,0.0025204575566034,36,27,21,26,1.9,2.6,3.3241446,3.1738443,-0.0163441823347736,0.0450231592615645,-0.0683941738885265,4.0,2,8,2.190901446751872
SUBJ_00457,10.98459840951103,7.949526413437425,24.34019015767474,12.231163279869778,0.0026191523328779,27,19,17,11,1.8,4.1,3.346659,3.1910503,-0.121243694138246,0.0319201061096711,0.0888932371023537,3.0,0,2,0.3618456896668481
SUBJ_00458,11.592338717717722,7.588074165955468,23.71394767054101,11.883041403351736,0.0028439262610479,38,32,24,23,1.7,2.6,3.1562662,3.2356203,-0.0616755323346987,-0.065337377560965,-0.0029510439095361,3.0,2,11,2.408492711318532
SUBJ_00459,14.252628593525548,8.221177701356531,25.69304629378892,10.660174569013764,0.002938685767888,18,24,14,13,1.2,2.1,3.626294,3.5628965,0.1031520985041844,-0.0062008336157589,-0.0467163053047961,4.0,2,7,-0.915888932497246
SUBJ_00461,11.975909229755985,8.065779946961378,24.3414730353125,12.505101924125029,0.0026030152173582,21,29,21,25,2.2,5.0,3.3118062,3.3342962,-0.0929101372471639,-0.0114410501810091,0.037907247909926,5.0,2,7,1.5843245653767497
SUBJ_00462,13.065076319701973,8.76783272779377,22.89977684227257,13.899769236355777,0.0022100236337335,44,39,32,34,1.4,1.8,3.2330475,3.2630165,0.0400973934085843,-0.0247059030975081,-0.0752252933348883,2.0,1,4,3.814159401657754
SUBJ_00463,11.748234985010289,8.128823656308963,27.27296348948471,13.29484888101585,0.0026138294445415,27,39,29,17,2.5,10.8,3.4884486,3.4176924,-0.184672301446677,0.0129277368261349,0.0299480165050561,2.0,0,1,1.680352210073378
SUBJ_00464,12.112395400830655,7.684138664684996,23.839499422415933,12.06439823590036,0.0024221460041005,32,27,27,20,2.0,6.2,3.393051,3.4038205,-0.1456964576999466,-0.0060892784860341,-0.0042768997952924,4.0,0,0,1.3964094924341086
SUBJ_00465,12.039147000908146,8.061314884146876,24.79910650291656,13.40752825484226,0.0035447092367211,30,38,30,23,1.7,2.9,3.2664118,3.1790893,-0.0890738986273555,-0.0635299407461659,0.016405086391589,2.0,4,6,2.4887839874514697
SUBJ_00466,12.095604867466289,8.18869446367579,25.459677224317943,11.352865735477444,0.0028776890662918,32,30,18,26,3.0,3.8,3.4053001,3.3537161,-0.1296653509969309,0.0311316197521484,0.0293179423398285,12.0,26,33,2.508093220913712
SUBJ_00471,13.726498761671127,8.695785355016108,23.82352353738416,13.442933185806464,0.0021667484265982,44,41,34,34,3.6,3.8,3.2340264,3.2194443,-0.0747595734647478,-0.0518673327245434,0.0118644067476765,1.0,1,2,4.29148626138854
SUBJ_00473,12.01780697687118,7.807075353602118,24.382502776537464,12.140782371468015,0.002389132896345,39,46,19,27,5.6,11.9,3.377408,3.28279,-0.0871298972592941,0.0603636598039132,0.0090632395519192,2.0,0,2,3.6552258689626056
SUBJ_00474,10.963086657014308,7.198853425413591,22.80592816887921,12.694941369266138,0.0024194576149695,28,33,23,23,1.9,3.3,3.3233068,3.3238115,-0.0318593754138664,-0.0664666295642127,0.0599910089470045,2.0,0,4,1.855699138838331
SUBJ_00476,14.708159748631852,9.149072822899658,26.954846529112267,13.213013592667313,0.0024236911545255,37,33,25,30,2.6,5.6,3.254426,3.2754364,0.0881201279070199,0.0377235746970069,0.0431347108968875,1.0,3,3,2.8179478223775574
SUBJ_00478,8.114282280554658,6.435674413422574,22.750499515581183,11.406732241270747,0.0026586786182176,21,35,32,19,1.0,1.7,3.535394,3.5345783,-0.233703004905654,-0.0271629583186813,-0.082666267101598,5.0,11,14,1.133232029933233
SUBJ_00482,12.846156768055664,8.457529384195853,25.14463106146023,12.265002532356268,0.0025500485375559,52,45,40,34,2.3,6.4,3.3095984,3.343873,-0.1133941933464437,0.0061607909450175,-0.0684593176666976,4.0,2,7,4.364573577495164
SUBJ_00483,12.336834916470728,7.51887088739108,26.406817623514723,11.980420589644634,0.0019785667974933,19,21,20,19,1.2,4.4,3.5768638,3.546371,0.0637771270690712,-0.0190207394778066,-0.0027418564714592,7.0,3,7,0.0959620814156566
SUBJ_00485,12.319214627612574,7.82219292997413,24.25432810688529,12.077693831398305,0.0030341484146525,28,35,23,22,1.0,1.8,3.356817,3.3054914,0.0380927745153697,-0.0315485695678746,-0.0373128025151241,2.0,0,13,1.562436961754306
SUBJ_00487,12.53509643839231,8.13532935624534,22.53955986921278,12.88997070540526,0.002672450765261,32,30,20,30,3.5,8.0,3.0700893,3.1476033,0.0072914136521811,-0.0058166343980561,-0.0897687800768114,2.0,1,2,3.3190831373517096
SUBJ_00488,13.189114154613716,7.860142204791605,24.873775316919907,11.954393564322016,0.0025977355791394,39,27,22,35,1.4,1.7,3.4183972,3.4000523,0.0764300265067528,-0.0415240680148755,-0.0566110227137843,2.0,1,5,1.9378579939565024
SUBJ_00490,13.455339035149722,8.708502598999065,23.36611676055129,13.200281232066688,0.0028354304826613,42,49,37,32,2.7,3.9,3.1109502,3.1103275,-0.1049455923266262,-0.0108005310756028,0.04398265324328,4.0,7,18,4.838233941450892
SUBJ_00492,12.328739125941889,8.483947933179564,23.77665853273663,11.65307663564181,0.0024917297368496,35,39,39,40,2.2,3.8,3.1097682,3.119701,-0.1733685906241218,-0.0178723359845949,0.0179331830298684,3.0,0,3,4.041139083263249
SUBJ_00493,11.677862815754285,8.382416728198114,22.810105820966985,13.23998449969721,0.002305741408777,36,36,31,33,2.6,3.1,3.2417321,3.1483092,-0.171129239800108,0.0016696800997863,0.0414626653230965,5.0,1,10,3.569481194197763
SUBJ_00497,9.812774261260214,7.8269292874112,24.276233056022665,12.712201019522103,0.0027744315468561,29,20,18,23,1.5,2.4,3.2562683,3.4629076,-0.2229235454961111,0.0332287513701581,0.0301282152196786,5.0,11,34,1.3724744642650246
SUBJ_00502,11.766725013087134,8.004352208295378,23.706793404218505,13.29724221743756,0.0023192447762384,34,51,35,40,2.3,5.6,3.252975,3.1713178,-0.0846981884661242,-0.0341622823914584,-0.0039659285516458,0.0,1,1,4.41087638643356
SUBJ_00505,13.181617928990567,7.965403438732256,24.12982687527548,11.515075097369628,0.0027397319354225,56,36,33,45,2.3,3.5,3.331394,3.3371332,0.0541816099072183,-0.0383743727659466,-0.0650103071243701,6.0,8,16,4.619422847659068
SUBJ_00506,10.555076343093846,7.510159606364495,23.835609968953587,12.700181088325794,0.0024385643187745,51,61,39,42,4.2,4.8,3.1030679,3.2232778,-0.1985660368484634,0.035846209444769,0.0235171564263829,4.0,3,7,5.999270773561388
SUBJ_00510,10.391955896313682,6.792417894695148,22.805644889675506,11.4653279273859,0.002159236381682,48,34,25,32,1.4,2.1,3.2685058,3.3659716,-0.0755685072933168,-0.1063970954203533,-0.0002554085293915,1.0,0,11,2.8299776657782583
SUBJ_00512,13.147176883161713,8.16945408539299,24.42310655405373,13.056033615270705,0.0024284377046763,71,55,37,44,3.9,6.8,3.228151,3.1473637,-0.0385090460911917,0.0408415975237904,-0.0031197689384544,8.0,5,9,6.71867229126505
SUBJ_00519,13.19622136221055,7.979102010668122,26.80608753191072,11.917655748046938,0.0031138344504762,35,28,25,22,1.4,2.2,3.5072136,3.4137216,0.0639667149822939,-0.0844054252673379,0.0015501801061681,2.0,0,4,1.0944507818611116
SUBJ_00520,11.189018199949976,7.318686934025694,24.479914896944425,11.869274392427876,0.0026241254908984,42,29,34,38,1.7,2.4,3.236083,3.4387417,-0.0387592494294827,-0.0236857957744733,0.0067467341537117,4.0,2,2,3.134703270082382
SUBJ_00525,11.857235877692524,8.578753043617946,23.74681870174416,12.633638361668808,0.0032618214745654,34,33,19,23,4.9,7.0,3.46549,3.4077752,-0.1404652509030044,0.0695742836442296,-0.0426350670312555,2.0,1,6,2.3431588405313266
SUBJ_00529,12.544758646080032,8.251650023683093,25.110358938355223,12.1689478845275,0.003347767885209,30,39,35,19,2.7,2.8,3.3182445,3.1912794,0.0231646290308505,0.0601149201326367,0.0218136001770705,5.0,6,8,2.7921614498422653
SUBJ_00530,10.397721019789554,7.1930950898042525,24.379014109257643,11.25923669600313,0.0032406547313472,64,36,34,52,2.5,2.6,3.1578388,3.15282,-0.1945303510394387,-0.0655124039825366,-0.0372742884723836,6.0,5,10,5.218720846706794
SUBJ_00532,13.661941236177157,8.268026694497358,30.34444252618772,12.28969489727251,0.0023201189734934,26,19,17,14,1.6,1.9,3.6246607,3.5291543,-0.0118295830654925,-0.029003152575398,0.068722380738095,3.0,0,3,-0.7266180224659697
SUBJ_00534,11.708829357483491,8.276884013343748,23.974905224266934,14.021648861090291,0.0027118772341262,42,32,24,23,2.5,6.5,3.1260366,3.2050273,-0.1639451330985802,-0.0098336614318239,-0.0970299129006702,4.0,0,1,2.9327030284763254
SUBJ_00540,11.50383250084254,8.141788074125632,23.709271317197683,14.353405181737395,0.003089737189882,41,40,30,32,2.2,3.4,3.1655457,3.1372232,-0.0887000085116316,-0.0358366526718781,0.1023806781121657,6.0,1,7,3.8828182953592822
SUBJ_00541,11.254063399701332,7.384787048000907,23.075192805463605,12.232494256193096,0.0026938797368704,38,29,25,25,2.9,3.9,3.1769543,3.098788,-0.0145676834053651,-0.0318074243279799,0.0493996531808982,2.0,0,1,2.8804406473706266
SUBJ_00544,13.206271980900787,8.716822072660758,26.37016413968673,12.741825783974036,0.0027440558002776,29,35,28,33,1.6,2.6,3.337379,3.3287227,-0.0727787192836807,0.0670719363382729,-0.0436049150813564,3.0,0,3,2.1512514659997124
SUBJ_00545,12.166778604162348,7.916970533755629,25.880093041324564,12.809249341866462,0.0026205084815192,32,29,22,22,1.7,1.9,3.3008628,3.1665854,-0.0590296144801474,-0.0243798345482648,0.0483387034117225,3.0,0,0,1.559529720213087
SUBJ_00546,13.489969813304088,8.764373865860478,26.544579249783272,13.232281813927871,0.0025417852910699,42,41,41,31,2.0,2.3,3.1944194,3.2422326,0.0540528758088712,-0.0515060813798537,-0.012836368816005,4.0,0,2,3.99825251292201
SUBJ_00550,13.220026534541326,7.913062179321712,25.431491689593564,12.638837908840694,0.0019349091169412,37,41,30,30,1.9,2.9,3.2956991,3.2577631,0.0148351992819278,-0.1364189487388178,-0.0176086887707767,0.0,3,4,3.0303373849946613
SUBJ_00551,11.579902979937993,7.524809852914949,24.572223429189066,12.021919273052868,0.0021873226792719,33,23,28,24,1.0,1.5,3.5164912,3.4749966,-0.0263120643594607,0.0878372276231036,0.0490356346026284,5.0,0,0,0.9033970382047448
SUBJ_00554,9.64100631411613,7.181986697189093,26.43024847775647,12.765788587011835,0.0026344497556906,48,44,22,30,3.0,5.0,3.276178,3.2751284,-0.205139655939824,-0.0226920515891256,-0.0119127418175156,7.0,11,22,3.763178101916885
SUBJ_00555,10.051366041515768,6.897695027114098,25.1362430381128,12.806319847785096,0.0023879668417841,40,48,39,35,1.7,3.1,3.1909041,3.2088106,-0.2235813374083207,0.0418298958829427,0.031306142157846,2.0,0,1,3.6658326406677335
SUBJ_00557,11.573556338435944,7.373423792758126,24.48193078380199,11.293988287270476,0.0031631258558976,24,37,20,25,1.5,1.7,3.5402832,3.4729292,-0.114074391975368,0.0398566376957092,-0.0252659273721537,3.0,1,2,0.6298466954167868
SUBJ_00559,13.152855887674583,8.070414108563583,23.09753728534245,13.08893697141434,0.0023216107052687,45,56,45,39,2.4,2.4,3.2337723,3.1625156,-0.1030528252408023,-0.0766581756730789,0.0340367180727708,3.0,0,0,5.088505118712582
SUBJ_00561,12.163304003104953,7.831597014665936,24.509875083904586,11.633053663877506,0.003456561095024,33,33,28,36,1.8,1.9,3.4272683,3.3666356,-0.1272034399384731,-0.0441915480256619,0.0447945619022373,4.0,0,3,2.0711960697209264
SUBJ_00563,11.629900120853993,8.025456523968504,24.178498380725,12.584559071039912,0.0024300717249706,31,37,30,23,2.1,2.2,3.4281619,3.3937364,-0.0892278194961852,-0.0204750056486538,-0.0191552622996721,4.0,1,3,2.1426677014240747
SUBJ_00564,13.205159611102609,8.374799696537334,25.57568620040933,11.888250683530858,0.0032043298512316,25,23,18,27,2.0,2.4,3.4628203,3.4071681,-0.1172007704971515,-0.034464283182457,0.0596212847014999,4.0,0,0,0.5175379728982303
SUBJ_00565,12.355227735088423,7.714069807937453,23.843917485434893,10.724950647249726,0.0032786754911746,28,33,30,31,2.1,2.1,3.3659763,3.4042776,-0.0145888694806378,-0.0928236499392645,-0.0329535085452695,1.0,13,20,2.5207019687869487
SUBJ_00569,11.320666308701377,7.994345945669932,23.149249712704663,12.979915151697409,0.0021922555819978,47,32,48,34,4.3,5.7,3.2458,3.1936557,-0.1515753571322985,-0.0202674355321723,0.0276886557321116,4.0,3,8,5.142365046720988
SUBJ_00570,14.647878199312467,9.108393132233267,26.096953639586552,13.64008262830659,0.0032107672800625,31,36,25,23,1.8,5.8,3.4218214,3.3876524,-0.0055931972240705,0.0443998258172972,-0.0299333763539225,5.0,1,4,1.8771967709337645
SUBJ_00572,12.23121961010126,7.98045379414144,20.91797535529606,11.657544205942711,0.0020743440665572,35,48,44,41,1.3,3.0,3.04767,3.0499053,-0.2076235109470658,-0.0383700991212591,0.0625466190284328,4.0,4,22,4.880489010245725
SUBJ_00573,11.077817625525242,7.431035344183654,20.829850752396627,10.915317883822055,0.0027295650212783,51,53,47,36,2.9,5.9,3.0096076,3.0265505,-0.1993813889446851,0.0700994433965359,-0.0142191808842537,4.0,2,5,5.701695939294322
SUBJ_00575,11.717052948377056,7.435744492197903,25.38255115489824,11.369136726419978,0.0028669363332154,16,25,23,23,2.7,3.1,3.4355817,3.435697,-0.0382227113737516,-0.0170543185989846,-0.0196327624176454,2.0,0,1,0.7437197738300276
SUBJ_00576,12.759975782958628,8.268512466386696,25.442994316479027,11.985764207830108,0.0023678840710981,42,41,37,34,2.6,4.8,3.1909406,3.2092724,-0.0252212902437328,0.0162473531081724,-0.0223992322463726,4.0,0,1,4.085392547958582
SUBJ_00578,13.31750427035877,7.967970409871952,24.896016159131,11.93138441372981,0.0026305907075298,44,44,32,49,2.2,5.6,3.2855158,3.2192392,0.0351657138274129,0.0052611968413222,-0.03892644920944,4.0,2,3,4.516340791814129
SUBJ_00579,13.131530697847843,8.217138997981351,25.73110943530339,12.574503795218542,0.0030250377106291,25,34,22,27,1.1,1.4,3.3727283,3.3303678,-0.0429149885709633,-0.089189214261932,-0.0265629008630801,1.0,1,5,1.2974960468193664
SUBJ_00582,12.751140642140246,8.092046088258108,24.949700047932364,13.01858886584343,0.0028017073168352,26,39,20,22,1.4,2.0,3.369036,3.2535303,-0.0015597289274064,0.0271627875133593,-0.0111944126568142,3.0,0,3,1.5126438932034665
SUBJ_00583,11.940710810582564,7.546304642222617,24.11736981452998,11.645577236086693,0.0026461670021681,51,41,45,25,2.7,2.7,3.1901639,3.10656,0.0464057622167237,0.1422009449135956,-0.0208883557966188,5.0,7,11,4.487713971747191
SUBJ_00586,11.075152726426438,7.029880880949951,24.421012231300697,12.187136544954193,0.0024056962478009,32,24,26,24,1.9,2.5,3.4532542,3.392415,-0.0327934200558092,0.0202697138498384,-0.0761314402710521,1.0,3,5,1.430001619128869
SUBJ_00587,11.496906243267334,7.174721527874579,25.3882746209098,12.376754589599894,0.0028360464250307,26,31,28,30,1.9,2.4,3.2512374,3.2587378,-0.0862300593755948,-0.0261707911577264,0.0702193254129684,0.0,1,3,1.933406449532333
SUBJ_00593,10.491616211526011,7.263935405454555,24.05256875710424,11.939352576283296,0.002705165730191,31,34,26,26,1.6,2.4,3.2517958,3.2335627,-0.2481502125598987,-0.0998625316300731,0.0268617195810424,3.0,0,3,1.8081256062794584
SUBJ_00594,12.726305761251243,8.150570803099079,25.40148008661427,13.239135736073536,0.0029214139395057,29,34,28,21,2.0,2.5,3.2478073,3.2426214,-0.072712271980208,0.0406518504248753,0.0742199511928409,5.0,5,5,2.042282838968798
SUBJ_00595,12.478480181248695,7.906037175920672,27.025317127574628,12.532455097040833,0.0026018219932593,42,57,49,41,3.1,3.4,3.2858243,3.2298574,-0.026028843086314,-0.1232694644091153,-0.0074074130088464,4.0,1,3,5.373492945361838
SUBJ_00596,11.228845396115432,7.445343972002583,22.66871769173185,12.080233089811474,0.0022959365284041,33,18,27,15,1.5,2.0,3.1940958,3.2194448,-0.3206820789191399,-0.0466097369627541,0.0334635185767215,2.0,0,2,0.7697297076867519
SUBJ_00597,11.790315329337016,7.530488361972585,19.29759170793235,10.990960390211129,0.00228358471275,88,87,67,73,5.7,6.7,2.7812424,2.9122355,0.015013641161086,0.0232015852340477,-0.0234338835507352,4.0,34,46,13.631393496665869
SUBJ_00598,14.27579797887343,9.440370720738825,24.65513858924371,12.820208418989296,0.002971938538191,48,28,29,23,1.9,2.3,3.3053346,3.4218972,-0.1603356066275268,-0.0335960676060963,0.0481334506191197,2.0,0,1,2.070181720727463
SUBJ_00600,14.094228570667942,8.532586913997442,25.43001188089741,12.278953155147656,0.002444514895931,26,35,20,20,2.2,2.3,3.441396,3.3660297,-0.0478517860321906,-0.0137745890950619,0.0759415298266665,2.0,0,1,0.9734234198864778
SUBJ_00601,10.388910690017871,7.718289466723596,21.51334507762041,13.50175267527198,0.0024017645449433,37,47,46,41,3.2,3.4,3.18547,2.9101684,-0.1609367279517033,0.0664545052050781,0.0026672347210186,7.0,5,28,5.988004378225455
SUBJ_00605,10.84030044258995,7.019456398581597,23.045816629078843,12.632430040760136,0.0028801182618861,36,43,33,26,1.4,1.7,3.332359,3.227499,-0.0030709085437257,-0.0196746375165796,0.022175243143668,1.0,0,2,2.8832108772681107
SUBJ_00614,10.824030150808802,7.786584525108729,21.11396890186608,11.657362257123909,0.0027313416581646,43,59,53,40,2.4,3.6,3.0605776,3.0293052,-0.1615917415904237,0.0654130129503634,0.0539330614375902,2.0,2,6,5.975916382148226
SUBJ_00636,12.194208921614312,7.805617084184577,26.359510333477388,12.633845799121373,0.0032792029511155,28,29,26,25,1.5,2.3,3.4693286,3.4341147,0.0116166052636362,0.0045747513949862,-0.0064982171784212,2.0,0,1,1.2188021373394795
SUBJ_00640,12.81168778042086,7.809909858847609,25.215487255608263,11.680371929594752,0.0031137564831721,34,35,28,32,1.3,1.9,3.402406,3.3904452,0.0390405042262223,0.028156027178593,-0.0313159370931801,3.0,0,1,2.0001083316212727
SUBJ_00658,13.009927919843614,8.651709368776046,24.44756722323725,13.769442121121282,0.0023779803868075,46,63,44,47,2.6,3.0,3.157399,3.016227,-0.1816430861585301,0.0394677045110578,-0.0167732491305108,0.0,2,4,5.928909258629327
SUBJ_00661,13.85436366392396,8.139971612669365,23.21657945715822,12.331745466424882,0.0023520786516853,41,35,28,32,1.2,7.6,3.3325493,3.2817338,0.0419216159847562,0.0098121114405483,0.0661508876392022,0.0,1,17,3.030935942937396
SUBJ_00671,11.829905892457486,7.923309969070012,23.709106833464944,12.357326440947054,0.002586218574575,47,37,32,35,2.8,4.0,3.1838531,3.136434,-0.0221249532418814,0.0049112722874259,0.0701526907071641,5.0,5,13,4.416654634740971
SUBJ_00689,12.742938286384918,8.842654917621141,24.51681450624692,12.71014836005468,0.0029337613174678,32,39,28,30,3.4,3.4,3.275669,3.2910454,-0.0823313381800345,-0.1720862795481564,-0.1166787945555162,2.0,0,0,3.124170485234185
SUBJ_00813,12.861848227761907,8.214320411239084,24.95008678754457,12.538323418417242,0.002445322795206,24,29,27,29,1.6,2.1,3.437122,3.3074625,0.0252007219465715,0.0020115977362545,0.0077150902658234,3.0,1,4,1.74710242534962
SUBJ_00815,13.41561924241589,8.21464067688555,26.96343550245296,13.148948669162625,0.0028344360067557,48,25,31,17,1.3,3.3,3.3633792,3.3639143,0.0603184318010384,-0.0473224383931761,0.0170057204122015,1.0,1,1,1.843811653133876
SUBJ_00817,10.332486567372197,7.133996354263831,24.02850239324948,11.816540911516585,0.0021751657796353,36,33,24,39,2.9,3.9,3.25773,3.2776937,-0.2258156301306547,-0.0238292531822587,-0.0317373099921714,6.0,0,2,2.898516857411337
SUBJ_00824,10.86154847825739,7.2418248133035075,24.04010816654131,12.808599167501596,0.0029681285896684,53,46,34,41,2.1,2.6,3.091278,3.1196213,-0.1651758414080599,0.0324929216786868,-0.0328800701305125,4.0,0,2,4.5962745837953785
SUBJ_00825,12.8578533542698,8.165919295870479,24.19310253099645,11.513465347283464,0.0023722505502947,34,38,26,30,2.2,9.8,3.4848814,3.3857021,-0.0060981381992396,-0.0520004784255563,0.0669602589762205,6.0,0,4,2.6517410491369557
SUBJ_00835,13.082757735687826,8.121185878642656,27.23312513695431,12.315352621669811,0.0028380032575315,30,37,22,22,2.0,12.5,3.5190704,3.4535005,0.0680649255238318,-0.0236283352259555,-0.0046372374445185,4.0,0,1,1.7488340165095289
SUBJ_00844,11.472172501125774,7.796260626550814,20.733270702797764,11.354185375395756,0.0021240003661405,59,53,61,53,3.3,3.5,3.07255,3.0353715,-0.0812038112180087,-0.0353556027706377,0.030841442483172,7.0,4,16,8.022959946304766
SUBJ_00852,10.758717085861592,7.59085260241477,22.26867734596373,12.637612338714383,0.0026679845319569,49,40,38,41,2.9,4.7,3.2720153,3.067308,-0.1622252990198544,-0.0440236408353618,-0.0855561270791798,4.0,0,1,4.850973474907118
SUBJ_00853,11.367909868924077,7.775572318691889,25.998969190352703,12.850265540714249,0.0029447014430775,39,39,36,31,1.9,2.7,3.4379756,3.3672473,-0.1558629983732839,0.0208089136863346,0.0611628101443158,2.0,0,2,2.6373284438632867
SUBJ_00863,12.098843235789827,8.1062075179848,22.18216317904068,12.14211150182972,0.0025375700984295,35,48,34,32,1.2,3.3,3.2201917,3.1854584,0.0064481749150288,-0.0060064434000886,0.0048264368377646,2.0,3,17,3.9736106969379392
SUBJ_00866,9.994800222600077,6.705975530914309,24.075028232659857,12.168812087736333,0.0030300242615247,24,43,24,34,1.5,2.2,3.472093,3.4994702,0.0218818463554804,-0.0343411503038582,-0.0173533558070561,2.0,1,3,2.0212657556650218
SUBJ_00875,10.336689076975194,6.904251762120792,24.16292682489212,12.242512902491743,0.002277833608732,40,38,32,35,1.5,2.3,3.257491,3.1890404,-0.1857550252190682,0.0123144113169207,0.0078233551976006,4.0,0,1,3.004487246133184
SUBJ_00880,11.391786578111406,8.344241319628592,24.94356822259104,13.289019393953833,0.0026130692521739,48,31,36,22,2.7,6.3,3.2942433,3.411641,-0.0544365756007963,-0.011523139004955,0.1178880143159309,2.0,0,5,3.2627196449963227
SUBJ_00885,13.001180356384705,8.319788160205363,22.40654526610145,13.2197582854847,0.0027885840019944,44,42,30,25,4.6,4.7,3.1841521,3.1748896,-0.1300861814812964,0.0519721230310026,-0.0180748044434202,4.0,4,9,4.167993012164439
SUBJ_00888,13.174844500300544,8.511396655245829,25.52768971909539,13.461129669525048,0.0026851975116375,25,29,22,20,1.8,2.1,3.6124115,3.5007582,-0.0904304235267728,-0.0042310653716689,0.0642249969428539,3.0,0,0,0.460670018383888
SUBJ_00891,13.891179627217586,8.358665003880487,25.54427941726806,12.87472813020938,0.0031105408352789,62,43,33,50,1.4,2.8,3.23159,3.2082343,0.0382426388467984,0.0829354829850897,0.0284804500193995,0.0,0,6,4.711108848594554
SUBJ_00895,15.03683350856217,8.636724469630908,24.189627079973377,11.900128607096276,0.0024069879831265,26,35,37,23,2.0,2.3,3.3285637,3.319413,0.0354307098172669,0.0357574808341163,0.0322811926177238,4.0,2,2,2.1845292129339136
SUBJ_00903,13.16888597335095,8.262593338129019,25.87326949349565,13.475874463668625,0.0025755661270739,38,39,27,29,1.8,5.9,3.445583,3.3259723,-0.0028792083766699,-0.0380245522557822,0.0632747823269406,1.0,0,1,2.568858476821093
SUBJ_00909,10.605764275675185,7.375022531678018,21.33591293247289,13.39885732562807,0.0023743276256932,72,47,36,40,1.6,2.9,3.3481097,3.2180343,-0.1649536238843718,-0.1377667601054336,-0.0433501941610846,4.0,1,5,5.244229769829482
SUBJ_00912,12.578481098194258,8.515108253719891,26.58032016349031,12.47674385391954,0.0022566082827643,30,18,17,29,2.7,3.4,3.542347,3.5556886,-0.0576548834996397,-0.0391754946357769,-0.0713171144882037,6.0,0,6,1.021575010550661
SUBJ_00915,11.334470956952565,7.983362223185405,23.5418017767272,12.09236375796336,0.002493862543792,24,44,9,28,1.3,3.5,3.4716814,3.3145938,-0.2359716903622947,0.0646325349996786,0.0205266359449203,4.0,1,1,0.8125589719144822
SUBJ_00927,13.011328862649664,8.94750167515967,22.21426619037696,12.982966138616826,0.0025786200853884,68,61,62,52,3.7,4.0,3.2137089,3.0542805,-0.0578263866245062,-0.0420079401176716,2.599958747441436e-05,9.0,8,15,8.749675568848783
SUBJ_00928,11.281062224414931,7.883909193362838,22.19151684043204,12.572927161641807,0.002351008684241,52,39,33,32,2.3,2.5,3.261252,3.2351196,-0.1822930788855633,0.0718148751721625,0.0272138807119209,3.0,0,1,3.645649504318882
SUBJ_00931,14.403189383273508,8.9033454888406,25.766387448577685,12.676572201148318,0.0025012189996041,28,33,25,25,1.7,2.2,3.435513,3.2701087,0.0407297436739326,0.0060406513039408,0.0392454982639008,4.0,0,2,1.659872601560514
SUBJ_00934,12.126013468047356,7.631444721608408,25.249838820396192,12.56315457075332,0.0030369963583135,41,37,31,26,1.5,1.5,3.3605194,3.2958858,0.0509350784098856,-0.0193457804850105,-0.0542471020840053,1.0,1,3,2.5585686169305166
SUBJ_00936,11.34638560059105,7.673323386724904,25.635316373582185,13.13762409079418,0.0022907470173266,38,46,35,32,2.1,2.7,3.2906032,3.3142028,-0.1554649681068487,-0.0160272007354384,0.0501399460678806,0.0,6,8,3.4417301724223712
SUBJ_00937,11.056630969119734,7.410934125173047,25.61672148348832,12.456357687223836,0.002178250704992,23,30,25,18,1.1,2.0,3.5741184,3.464634,-0.147015202877992,0.0296447399366532,0.0323642786247013,1.0,0,2,0.2112090948628606
SUBJ_00939,10.47942131492812,7.03483795504474,25.53038672979859,12.771587035430946,0.0025196986515405,56,49,28,41,3.5,4.0,3.294739,3.1219134,-0.1140634364183839,-0.0177751403408756,0.0059450982846407,4.0,1,2,4.816052409031151
SUBJ_00941,11.121597641263016,7.474843878376045,26.89874411919106,12.922855218238864,0.0035920116123478,38,28,35,20,1.4,3.2,3.1942174,3.25882,-0.1576719618844386,0.0171034573351965,0.0035734588907704,1.0,2,5,1.9904145187565387
SUBJ_00949,10.75722848146158,7.470458045235598,21.825388423427487,11.242366889835315,0.0030444278567378,44,42,33,36,4.3,4.6,2.9847767,2.9238408,-0.1295138339262962,-0.0020241061752406,-0.083855195222988,3.0,4,11,5.271484518240906
SUBJ_00950,10.330217097930229,7.149066280318639,24.59451316197353,11.593468292914809,0.0026205522140178,37,41,37,35,2.2,2.4,3.4278028,3.3252473,-0.1162366060242649,0.099445054324882,-0.0289633362789942,2.0,0,2,3.0154630820353407
SUBJ_00952,10.78764945906093,8.109536379347592,24.63778916965018,12.751784349488062,0.002778225996107,27,26,29,23,2.1,2.5,3.1913915,3.0832846,-0.2115786443044829,0.0534420971702887,0.0485203900487406,4.0,1,2,1.935728278833261
SUBJ_00956,11.154737454382053,7.480040117483635,23.78291003905662,12.42432779927307,0.0024724830041185,28,41,38,29,1.3,3.0,3.2506437,3.1625683,-0.126580416178909,0.0219944479142993,-0.0433615376769611,2.0,1,1,2.898579183148355
SUBJ_00962,13.104868547526788,8.255328347356738,25.244577554571624,11.835177088856332,0.0026248029911723,40,37,23,30,1.9,2.1,3.4213192,3.4706898,-0.0528892212154998,-0.0178795809335427,-0.0308452478121116,4.0,0,1,2.046429464549538
SUBJ_00963,12.246687989990734,7.760668554118155,25.178509934928503,12.649009752549077,0.0024966581651821,46,41,41,41,1.9,3.0,3.2610586,3.1974032,-0.0471406933789992,-0.0177809294132449,-0.0400492087585502,5.0,0,1,4.39485831348226
SUBJ_00966,10.60418683837424,7.291608594550468,25.5950998336288,11.279919424586875,0.0023943520791853,27,33,22,17,1.7,2.1,3.6565578,3.4692817,-0.1515655372382798,-0.0592851779827698,-0.0253826219392333,3.0,0,3,0.3495822161667165
SUBJ_00969,11.162879656150547,7.521979842362485,25.70536572961747,13.117387347233583,0.0025029575582731,42,37,22,21,2.2,3.5,3.3620703,3.3466327,-0.085059532027492,-0.0316899682139158,-0.0733027237638993,4.0,1,1,2.171730750269839
SUBJ_00972,16.057204177770373,9.144449157282049,25.095766476347176,13.57319764970474,0.0027487405540675,36,48,27,33,1.5,2.0,3.2411988,3.1029985,0.0911013158852847,-0.031179010451947,-0.0437997564417195,0.0,1,4,3.267751005828697
SUBJ_00980,12.003060079223864,7.662620176453153,24.827908450099034,11.898776509151515,0.0030371914676263,25,32,26,23,1.6,2.1,3.3246617,3.4882057,-0.011723924344014,-0.0769013027028107,-0.0406396062252097,2.0,2,3,1.360994059553615
SUBJ_00988,10.51312900504442,7.576092830523492,24.5826440169433,12.32965503123694,0.0028012806016948,41,34,20,28,2.3,5.0,3.2527027,3.2047904,-0.1017817631067836,0.0482898258776233,0.0623787250477204,5.0,9,23,3.0281412901945672
SUBJ_00992,12.645974594945129,8.006240419161992,26.590375818782725,12.330819016547508,0.0026186687713467,35,38,28,22,1.6,4.4,3.4752011,3.3629491,-0.0440972025191984,0.0166050436328098,0.0995679961485877,2.0,0,3,1.694199871786959
SUBJ_00998,10.132950300682774,7.275226179902956,26.08979860377541,12.325760644612158,0.0024174779874845,24,26,25,15,2.7,3.3,3.433127,3.341231,-0.2047179615948314,0.0406254796106524,0.0079071813947399,2.0,1,2,0.7120341946243921
SUBJ_01006,10.809350943284878,7.89770610144532,25.729515539541588,11.965036910059156,0.0025017338337882,40,32,33,21,1.6,2.0,3.3583465,3.4096684,-0.1820644396765952,-0.0643287717296116,-0.0339106913676174,13.0,12,29,2.712671227406741
SUBJ_01007,12.015386902367869,8.250616070486073,26.31708933080667,13.806272292767346,0.0037723122410602,42,50,46,28,2.4,7.6,3.2160974,3.1992939,-0.0332283578790768,0.0304005223292463,-0.0267234188121975,4.0,4,9,4.817076617996196
SUBJ_01009,11.693267466912332,7.932306156571551,23.55909251119792,12.389342848261972,0.0025053602439301,49,40,35,43,2.7,4.5,3.408592,3.4368858,-0.167986463709664,0.1132245808445837,0.0576859630298107,1.0,0,2,3.7300737757661513
SUBJ_01011,14.455991136540844,8.631012293266423,26.50551549507568,12.857584967135535,0.0026621147716397,25,24,25,23,1.0,1.0,3.3933184,3.39243,0.0811884283685904,-0.0361292843129768,-0.0141399314942488,3.0,0,1,0.7925768858815027
SUBJ_01017,10.050698653496042,7.043789020346894,24.127487619122945,12.311903608242217,0.0027558005528623,49,51,36,35,3.4,5.4,3.3384008,3.252795,-0.1782067290290363,0.027970787146486,0.0489697269487512,3.0,0,1,4.379680819543471
SUBJ_01019,11.30793854521698,7.370894151684981,25.72700660033233,12.14456728269565,0.0025445224187872,33,29,29,27,1.3,5.7,3.3958008,3.3631938,-0.0562195593344806,-0.0654188116991936,0.0117440731053959,3.0,0,1,1.886917820141644
SUBJ_01022,11.409797063870087,7.259279762380558,24.58156072016812,12.172403503773326,0.0031982863944724,29,32,28,29,2.2,3.2,3.245425,3.2089534,0.0294808521765178,0.0817214651710558,0.0183551893103962,1.0,0,1,2.2957998940386486
SUBJ_01027,11.588746547928316,7.44770782369524,23.445606646538764,12.96648917810542,0.0026749986845225,43,46,36,32,2.3,2.4,3.3458352,3.3466012,0.0496426292516257,-0.0209822783101451,0.0487383014457051,0.0,0,2,3.763643935282608
SUBJ_01030,13.272870008604352,8.40333882132958,24.1280101039983,13.584770716888386,0.0028219426982006,42,47,40,46,2.2,2.5,3.0337164,3.1155503,0.0237955831962216,-0.0514983297874117,-0.1060573740578983,2.0,0,3,5.291433637564173
SUBJ_01031,15.270405069538675,8.866345630385322,25.72312022468148,12.814508010606176,0.0028226300419656,44,36,20,28,2.6,4.4,3.200388,3.268085,0.1198829516480839,-0.0133196206564592,-0.0037481714630211,6.0,0,2,2.831155909378485
SUBJ_01033,12.372008970515404,8.01678593939071,25.106644287891108,13.52999427016648,0.002320902881111,36,50,34,31,4.7,5.1,3.4254735,3.36258,0.0022129744552111,0.0211317186124283,0.0216096664570002,4.0,0,0,4.177083074454497
SUBJ_01041,12.957473491250491,8.424581039681899,23.02498090439665,12.55920895693825,0.0027766371736355,35,47,30,23,2.0,2.6,3.4602757,3.2436566,0.0134230814957732,-0.070006269156448,0.0790518762391516,4.0,0,5,2.806045389956533
SUBJ_01042,13.528388136451152,9.157501498127983,21.8622136229338,14.230206567354204,0.0021682473794032,57,61,39,40,2.7,2.7,3.0160365,3.0583436,-0.2391075055175045,0.0033183756837361,0.0451048645020443,2.0,2,7,6.035918477359632
SUBJ_01043,11.143016147586822,7.8989566329981,25.789148112352848,12.312218211910382,0.0032131028163138,39,36,33,22,1.5,2.8,3.2552986,3.1319761,-0.2133869615288431,0.0508908274474053,0.071183368342957,5.0,1,4,2.3042684356539023
SUBJ_01049,12.01236457556282,7.701275935422576,23.697259674041582,12.373729990938848,0.00257866617123,31,41,35,30,1.9,3.6,3.2996154,3.1877367,-0.0486546643634342,-0.0237969708128739,0.0144517149119618,2.0,0,1,3.117814595560987
SUBJ_01053,13.0897426301195,8.418943681295552,26.756561827447616,12.290846187819923,0.0030556050053804,34,27,21,23,2.3,2.6,3.4238954,3.5222838,0.0050703403420604,-0.0330965209012168,-0.0268262926390865,4.0,4,7,1.3956036214172958
SUBJ_01056,10.391635791621374,7.200738324510402,23.40462837483988,13.741845475874984,0.003265855741955,34,30,26,25,1.6,7.1,3.2756486,3.0968451,-0.1231976444438041,0.0101968327498746,-0.0274264433849069,1.0,1,3,2.4614620505585942
SUBJ_01061,12.684558393298218,7.917041688071457,27.741794772957856,12.898371242246272,0.0030203553472661,30,23,23,20,1.5,1.9,3.261203,3.2816455,-0.0762814224059396,-0.0881163474596583,-0.0882699518878373,2.0,0,0,0.9262223233805308
SUBJ_01071,12.646657778956916,8.521680173616607,23.006963441398245,12.865672932843294,0.001998054457963,47,56,31,35,5.8,6.1,3.1289914,3.1666236,-0.2184275159327938,0.0626249072438008,-0.0152928472699221,4.0,1,3,5.428828793934566
SUBJ_01072,14.340588997283277,9.133733303338348,24.403883652063644,13.09533986660962,0.0026717496429922,30,42,35,26,1.8,2.0,3.140465,3.134054,-0.0547517646066595,0.0109017951748668,0.007144612776214,6.0,1,5,3.233965273939454
SUBJ_01077,11.201030014900695,7.283396508895501,26.363654730050136,12.39536165017893,0.0032772513602812,27,37,21,17,1.2,2.9,3.4495502,3.4458961,0.0427556470163474,-0.0733673446335869,-0.0522211042471855,2.0,3,8,1.008794835595026
SUBJ_01082,12.715899908029604,8.36828395378647,26.50040953520685,13.500502220677651,0.0028029380976801,36,36,20,28,1.9,6.4,3.305667,3.2213364,-0.0479234765067847,0.0199709528186302,-0.0085494785979917,3.0,2,3,2.4542694091464328
SUBJ_01083,12.455018396791658,8.571494585459831,25.49897814644392,12.699839155546114,0.0034809354369466,40,36,26,27,1.9,10.3,3.4426522,3.2932975,-0.1351742339994671,-0.0230829588039873,0.0144843000288921,3.0,6,6,2.6744099792393894
SUBJ_01089,13.371039281798796,8.752520119593752,25.256250482384207,13.456348499759498,0.0029599472076373,38,39,31,29,2.1,6.1,3.119798,3.0916538,-0.1617032154757571,-0.0372410973342452,0.0332761235341656,3.0,0,7,3.431881191266017
SUBJ_01094,12.083044820989969,8.00294019352567,23.172552539627223,12.619050647364798,0.0025502488549354,29,28,27,31,2.1,2.1,3.259877,3.2988744,-0.0725156616761678,-0.0229345781622861,0.0644518649780299,1.0,0,0,2.186804335461946
SUBJ_01101,10.801029100127952,7.2588550717017055,24.595664187084736,12.232305131830769,0.0030645417668132,44,37,33,27,2.2,5.4,3.3678424,3.3357265,-0.1467000966425389,0.0156462850313441,0.0639596553736347,4.0,0,0,2.761903299782916
SUBJ_01104,12.315012580905222,8.760812226318981,23.62831612675216,12.82986052158069,0.0023491117655405,59,63,39,55,4.8,43.0,2.9701746,3.0115333,-0.2374697110741817,-0.0016014808507033,0.0315464881431888,3.0,2,3,9.25834241661128
SUBJ_01107,12.26810363975698,8.014530946295725,25.389134974983687,12.73209255456312,0.0028588827933494,38,33,26,33,2.7,3.0,3.3120952,3.2819004,-0.0529255101476806,-0.0372228237617735,-0.0241718656290472,4.0,0,3,2.884380943186025
SUBJ_01113,9.96722786984589,6.721525374405664,23.57275568038692,12.225444759873088,0.0024249358218413,24,34,25,23,1.7,6.0,3.2007656,3.2151237,-0.0400968468294115,-0.0726466754657943,-0.0659988141288939,2.0,3,8,2.295963356615851
SUBJ_01122,10.453444248682308,7.436121803986836,25.299029010066462,12.34018791008989,0.0027232638174856,26,39,28,28,2.0,4.9,3.478217,3.3738196,-0.212997658302538,-0.0097230810342812,0.0212381101431525,2.0,0,1,1.741410002485056
SUBJ_01125,11.477675187963689,8.02422118085286,21.79395082286391,12.931841497705088,0.0021565558084748,41,47,42,40,3.0,3.8,3.137822,3.051529,-0.0711734658045126,-0.0548900601093166,-0.0177623932339039,2.0,1,1,5.429405478275982
SUBJ_01129,11.609829373937016,7.583218610559041,24.56745529002887,12.89568173426399,0.0029999318021639,35,37,25,25,1.3,2.9,3.1190596,3.1784081,0.0035574264475046,0.0209977317968262,-0.0078821739898016,2.0,0,1,2.5467592418524263
SUBJ_01133,11.69562350317964,7.322188485959377,24.699349375158025,12.537834405047573,0.0022779017974473,35,24,24,23,1.1,2.6,3.4633493,3.3213716,-0.1583626352469072,-0.0568315868196342,0.04090866671144,6.0,4,10,1.1971594643532366
SUBJ_01136,11.36695245623065,7.699117493377098,23.06731875920311,13.305293540569844,0.0021691752837987,74,59,43,39,3.2,54.1,3.1876075,3.0434544,-0.1547291827687953,-0.0285416153649697,-0.035612052044766,4.0,4,7,9.217744443943776
SUBJ_01139,13.03456372574194,8.30327649173528,26.095409465800472,12.403974558712276,0.003249966632255,42,30,28,25,2.1,2.8,3.2625375,3.2714012,-0.0695565871675574,0.0025474725524382,0.0854687347053345,2.0,0,2,2.200840688749534
SUBJ_01154,11.544391357688433,7.417331400394236,23.417715368924902,11.8931394375402,0.0025801646117991,32,38,26,28,1.7,2.4,3.3117783,3.2780344,-0.1168485726390795,-0.0254765093030434,-0.1025770173003936,4.0,2,3,2.242604721246472
